Species_ID,Family,Genus,Species,Species_level
ABBE,Abrocomidae,Abrocoma,bennettii,1
ABLO,Cricetidae,Abrothrix,longipilis,1
ABOL,Cricetidae,Abrothrix,olivaceus,1
ACSP,Muridae,Acomys,spinosissimus,1
ACWI,Muridae,Acomys,wilsoni,1
ACPY,Acrobatidae,Acrobates,pygmaeus,1
AECH,Muridae,Aethomys,chrysophilus,1
AEHI,Muridae,Aethomys,hindei,1
AKAZ,Cricetidae,Akodon,azarae,1
AKCU,Cricetidae,Akodon,cursor,1
AKMO,Cricetidae,Akodon,molinae,1
AKMN,Cricetidae,Akodon,montensis,1
AKSE,Cricetidae,Akodon,serrensis,1
AKSN,Cricetidae,Akodon,sp. nov.,1
ALAL,Cervidae,Alces,alces,1
ALBA,Dipodidae,Allactaga,balikunica,1
ALBU,Dipodidae,Allactaga,bullata,1
ALSI,Dipodidae,Allactaga,sibirica,1
ALCU,Cricetidae,Allocricetulus,curtatus,1
ALRO,Cricetidae,Alticola,roylei,1
ALST,Cricetidae,Alticola,stoliczkanus,1
AMHA,Sciuridae,Ammospermophilus,harrisii,1
AMIN,Sciuridae,Ammospermophilus,interpres,1
AMLE,Sciuridae,Ammospermophilus,leucurus,1
ANBE,Dasyuridae,Antechinus,bellus,1
ANFL,Dasyuridae,Antechinus ,flavipes,1
ANST,Dasyuridae,Antechinus ,stuartii,1
ANSW,Dasyuridae,Antechinus ,swainsonii,1
ANAM,Antilocapridae,Antilocapra,americana,1
APAG,Muridae,Apodemus,agrarius,1
APFL,Muridae,Apodemus,flavicollis,1
APSP,Muridae,Apodemus,speciosus,1
APSY,Muridae,Apodemus,sylvaticus,1
APUR,Muridae,Apodemus,uralensis,1
ARAL,Cricetidae,Arborimus,albipes,1
ARLO,Cricetidae,Arborimus,longicaudus,1
ARAN,Muridae,Arvicanthis,ansorgei,1
ARNI,Muridae,Arvicanthis,niloticus,1
ARRU,Muridae,Arvicanthis,rufinus,1
ARAM,Cricetidae,Arvicola,amphibius,1
ATMA,Hystricidae,Atherurus,macrourus,1
BAMU,Cricetidae,Baiomys,musculus,1
BATA,Cricetidae,Baiomys,taylori,1
BAIN,Muridae,Bandicota,indica,1
BAAS,Procyonidae,Bassariscus ,astutus,1
BEBE,Muridae,Berylmys,berdmorei,1
BIBI,Bovidae,Bison,bison,1
BLBR,Soricidae,Blarina,brevicauda,1
BLCA,Soricidae,Blarina ,carolinensis,1
BLHY,Soricidae,Blarina ,hylophaga,1
BRBR,Cricetidae,Blarinomys,breviceps,1
CATA,Dasypodidae,Cabassous,tatouay,1
CAMO,Pitheciidae,Callicebus,moloch,1
CSCA,Sciuridae,Callosciurus,caniceps,1
CAER,Sciuridae,Callosciurus,erythraeus,1
CANI,Sciuridae,Callosciurus,nigrovittatus,1
CANO,Sciuridae,Callosciurus,notatus,1
CAPR,Sciuridae,Callosciurus,prevostii,1
CLCA,Cricetidae,Calomys,callosus,1
CLLA,Cricetidae,Calomys,laucha,1
CAMU,Cricetidae,Calomys,musculinus,1
CATE,Cricetidae,Calomys,tener,1
CLLN,Didelphidae,Caluromys,lanatus,1
CAPH,Didelphidae,Caluromys,philander,1
CAIR,Didelphidae,Caluromysiops,irrupta,1
CALA,Canidae,Canis,latrans,1
CALU,Canidae,Canis,lupus,1
CAPA,Dipodidae,Cardiocranius,paradoxus,1
CACA,Castoridae,Castor,canadensis,1
CAAP,Caviidae,Cavia,aperea,1
CEAP,Cebidae,Cebus,apella,1
CENA,Burramyidae,Cercartetus,nanus,1
CETH,Canidae,Cerdocyon,thous,1
CEEL,Cervidae,Cervus,elaphus,1
CHBA,Heteromyidae,Chaetodipus,baileyi,1
CHCA,Heteromyidae,Chaetodipus,californicus,1
CHFA,Heteromyidae,Chaetodipus,fallax,1
CHFO,Heteromyidae,Chaetodipus,formosus,1
CHHI,Heteromyidae,Chaetodipus,hispidus,1
CHIN,Heteromyidae,Chaetodipus,intermedius,1
CHNE,Heteromyidae,Chaetodipus,nelsoni,1
CHPE,Heteromyidae,Chaetodipus,penicillatus,1
CHPF,Heteromyidae,Chaetodipus,penicillatus/formosus,2
CHSP,Heteromyidae,Chaetodipus,spinatus,1
CHSX,Heteromyidae,Chaetodipus,spp.,0
CHMA,Cricetidae,Chelemys,macronyx,1
CHNI,Cricetidae,Chionomys,nivalis,1
CHMI,Didelphidae,Chironectes,minimus,1
CHGL,Muridae,Chiropodomys,gliroides,1
CIMA,Muridae,Chiropodomys,major,1
CHBR,Canidae,Chrysocyon,brachyurus,1
COPR,Erethizontidae,Coendou,prehensilis,1
COGO,Muridae,Colomys,goslingi,1
COCR,Talpidae,Condylura,cristata,1
COLE,Mephitidae,Conepatus,leuconotus,1
COSN,Soricidae,Congosorex,sp. nov.,1
CRCA,Geomyidae,Cratogeomys,castanops,1
CREM,Nesomyidae,Cricetomys,emini,1
CRGA,Nesomyidae,Cricetomys,gambianus,1
CCBA,Cricetidae,Cricetulus,barabensis,1
CRLO,Cricetidae,Cricetulus,longicaudatus,1
CRMI,Cricetidae,Cricetulus,migratorius,1
CCCR,Cricetidae,Cricetus,cricetus,1
CRJU,Soricidae,Crocidura, jouvenetae,1
CRBA,Soricidae,Crocidura,batesi,1
CRBU,Soricidae,Crocidura,buettikoferi,1
CRCR,Soricidae,Crocidura,crenata,1
CRCS,Soricidae,Crocidura,crossei,1
CRCY,Soricidae,Crocidura,cyanea,1
CRDE,Soricidae,Crocidura,denti,1
CRDO,Soricidae,Crocidura,dolichura,1
CRFL,Soricidae,Crocidura,flavescens,1
CRFO,Soricidae,Crocidura,foxi,1
CRFU,Soricidae,Crocidura,fuliginosa,1
CRFS,Soricidae,Crocidura,fuscomurina,1
CRGO,Soricidae,Crocidura,goliath,1
CRGR,Soricidae,Crocidura,grassei,1
CRHD,Soricidae,Crocidura,hildegardeae,1
CRHI,Soricidae,Crocidura,hirta,1
CRHO,Soricidae,Crocidura,horsfieldii,1
CRJA,Soricidae,Crocidura,jacksoni,1
CRLA,Soricidae,Crocidura,lamottei,1
CRLE,Soricidae,Crocidura,leucodon,1
CRLU,Soricidae,Crocidura,ludia,1
CRLS,Soricidae,Crocidura,lusitania,1
CRMA,Soricidae,Crocidura,mariquensis,1
CRMU,Soricidae,Crocidura,mutesae,1
CRNA,Soricidae,Crocidura,nanilla,1
CRNG,Soricidae,Crocidura,nigeriae,1
CRNI,Soricidae,Crocidura,nigrofusca,1
CROL,Soricidae,Crocidura,olivieri,1
CRPO,Soricidae,Crocidura,poensis,1
CRRU,Soricidae,Crocidura,russula,1
CRSP,Soricidae,Crocidura,spp.,0
CRSU,Soricidae,Crocidura,suaveolens,1
CRTH,Soricidae,Crocidura,theresae,1
CRME,Soricidae,Cryptotis,mexicana,1
CRPA,Soricidae,Cryptotis,parva,1
CUPA,Cuniculidae,Cuniculus,paca,1
CYLU,Sciuridae,Cynomys,ludovicianus,1
DADA,Echimyidae,Dactylomys,dactylinus,1
DAFU,Dasyproctidae,Dasyprocta,fuliginosa,1
DALE,Dasyproctidae,Dasyprocta,leporina,1
DASP,Dasyproctidae,Dasyprocta,spp.,0
DANO,Dasypodidae,Dasypus,novemcinctus,1
DASE,Dasypodidae,Dasypus,septemcinctus,1
DAHA,Dasyuridae,Dasyurus,hallucatus,1
DEDO,Cricetidae,Delomys,dorsalis,1
DEME,Nesomyidae,Dendromus,messorius,1
DEMY,Nesomyidae,Dendromus,mystacalis,1
DEFE,Muridae,Deomys,ferrugineus,1
DIAL,Didelphidae,Didelphis,albiventris,1
DIMA,Didelphidae,Didelphis,marsupialis,1
DIVI,Didelphidae,Didelphis,virginiana,1
DIAG,Heteromyidae,Dipodomys,agilis,1
DICA,Heteromyidae,Dipodomys,californicus,1
DIDE,Heteromyidae,Dipodomys,deserti,1
DIHE,Heteromyidae,Dipodomys,heermanni,1
DIME,Heteromyidae,Dipodomys,merriami,1
DIMI,Heteromyidae,Dipodomys,microps,1
DIOR,Heteromyidae,Dipodomys,ordii,1
DIPA,Heteromyidae,Dipodomys,panamintinus,1
DISI,Heteromyidae,Dipodomys,simulans,1
DISP,Heteromyidae,Dipodomys,spectabilis,1
DISX,Heteromyidae,Dipodomys,spp.,0
DIST,Heteromyidae,Dipodomys,stephensi,1
DIVE,Heteromyidae,Dipodomys,venustus,1
DISA,Dipodidae,Dipus,sagitta,1
DRRU,Sciuridae,Dremomys,rufigenis,1
DRGL,Microbiotheriidae,Dromiciops,gliroides,1
ECSE,Echimyidae,Echimys,semivillosus,1
EIBA,Mustelidae,Eira,barbara,1
ELIN,Macroscelididae,Elephantulus,intufi,1
ELTY,Cricetidae,Eligmodontia,typus,1
EOPR,Cricetidae,Eolagurus,przewalskii,1
ERDO,Erethizontidae,Erethizon,dorsata,1
EUNA,Dipodidae,Euchoreutes,naso,1
EUSE,Dasypodidae,Euphractus,sexcinctus,1
FECA,Felidae,Felis,catus,1
FUTR,Sciuridae,Funambulus,tristriatus,1
GACU,Mustelidae,Galictis,cuja,1
GAVI,Mustelidae,Galictis,vittata,1
GEAR,Geomyidae,Geomys,arenarius,1
GEBU,Geomyidae,Geomys,bursarius,1
GEPI,Geomyidae,Geomys,pinetis,1
GEVA,Cricetidae,Geoxus,valdivianus,1
GEBO,Muridae,Gerbilliscus,boehmi,1
GEBR,Muridae,Gerbilliscus,brantsii,1
GEGU,Muridae,Gerbilliscus,guineae,1
GEKE,Muridae,Gerbilliscus,kempi,1
GELE,Muridae,Gerbilliscus,leucogaster,1
GESP,Muridae,Gerbilliscus,spp.,0
GECH,Muridae,Gerbillus,cheesmani,1
GEGE,Muridae,Gerbillus,gerbillus,1
GENA,Muridae,Gerbillus,nanus,1
GENI,Muridae,Gerbillus,nigeriae,1
GESX,Muridae,Gerbillus,spp.,0
GETA,Muridae,Gerbillus,tarabuli,1
GLSA,Sciuridae,Glaucomys,sabrinus,1
GLVO,Sciuridae,Glaucomys,volans,1
GLGL,Gliridae,Glis,glis,1
GOEL,Muridae,Golunda,ellioti,1
GRAG,Didelphidae,Gracilinanus,agilis,1
GRDO,Muridae,Grammomys,dolichurus,1
GRKU,Muridae,Grammomys,kuru,1
GRPO,Muridae,Grammomys,poensis,1
GRGR,Cricetidae,Graomys,griseoflavus,1
GRLO,Gliridae,Graphiurus,lorraineus,1
GRMU,Gliridae,Graphiurus,murinus,1
GUGU,Mustelidae,Gulo,gulo,1
HEFU,Muridae,Heimyscus,fumosus,1
HEGA,Sciuridae,Heliosciurus,gambianus,1
HEBR,Herpestidae,Herpestes,brachyurus,1
HEAN,Heteromyidae,Heteromys,anomalus,1
HOAL,Cricetidae,Hodomys,alleni,1
HOBR,Cricetidae,Holochilus,brasiliensis,1
HOSC,Cricetidae,Holochilus,sciureus,1
HYLU,Muridae,Hybomys,lunaris,1
HYPL,Muridae,Hybomys,planifrons,1
HBSX,Muridae,Hybomys,spp.,0
HYUN,Muridae,Hybomys,univittatus,1
HYCH,Muridae,Hydromys,chrysogaster,1
HYKA,Didelphidae,Hyladelphys,kalinowskii,1
HYSU,Erinaceidae,Hylomys,suillus,1
HYAE,Muridae,Hylomyscus,aeta,1
HYAL,Muridae,Hylomyscus,alleni,1
HYPA,Muridae,Hylomyscus,parvus,1
HYSX,Muridae,Hylomyscus,spp.,0
HYST,Muridae,Hylomyscus,stella,1
HYSP,Sciuridae,Hylopetes,spadiceus,1
IRTA,Cricetidae,Irenomys,tarsalis,1
ISMA,Peramelidae,Isoodon,macrourus,1
ISOB,Peramelidae,Isoodon ,obesulus,1
ISBI,Echimyidae,Isothrix,bistriata,1
JAJA,Dipodidae,Jaculus ,jaculus,1
LAIN,Sciuridae,Lariscus,insignis,1
LECU,Cricetidae,Lemmiscus,curtatus,1
LEBE,Muridae,Lemniscomys,bellieri,1
LELI,Muridae,Lemniscomys,linulus,1
LERO,Muridae,Lemniscomys,rosalia,1
LEST,Muridae,Lemniscomys,striatus,1
LEZE,Muridae,Lemniscomys,zebra,1
LNCA,Muridae,Lenothrix ,canus,1
LEPA,Felidae,Leopardus,pardalis,1
LEWI,Felidae,Leopardus,wiedii,1
LEWT,Felidae,Leopardus,wiedii/tigrinus,2
LESA,Muridae,Leopoldamys,sabanus,1
LEED,Muridae,Leopoldamys ,edwardsi,1
LEAM,Leporidae,Lepus,americanus,1
LECA,Leporidae,Lepus,californicus,1
LECL,Leporidae,Lepus,callotis,1
LETO,Leporidae,Lepus,townsendii,1
LIIR,Heteromyidae,Liomys,irroratus,1
LIPI,Heteromyidae,Liomys,pictus,1
LOCA,Mustelidae,Lontra,canadensis,1
LOFL,Muridae,Lophuromys,flavopunctatus,1
LOLU,Muridae,Lophuromys,luteogaster,1
LONU,Muridae,Lophuromys,nudicaudus,1
LOSI,Muridae,Lophuromys,sikapusi,1
LOSP,Muridae,Lophuromys,spp.,0
LOMI,Cricetidae,Loxodontomys,micropus,1
LUCR,Didelphidae,Lutreolina,crassicaudata,1
LYGY,Canidae,Lycalopex,gymnocercus,1
LYVE,Canidae,Lycalopex,vetulus,1
LYCA,Felidae,Lynx,canadensis,1
LYRU,Felidae,Lynx,rufus,1
MABL,Muridae,Madromys,blanfordi,1
MADI,Echimyidae,Makalata,didelphoides,1
MAMA,Echimyidae,Makalata,macrura,1
MAED,Muridae,Malacomys,edwardsi,1
MALO,Muridae,Malacomys,longipes,1
MLSX,Muridae,Malacomys,spp.,0
MALE,Didelphidae,Marmosa,lepida,1
MAMU,Didelphidae,Marmosa,murina,1
MARO,Didelphidae,Marmosa,robinsoni,1
MARU,Didelphidae,Marmosa,rubra,1
MASN,Didelphidae,Marmosa,sp. nov.,1
MABI,Didelphidae,Marmosops,bishopi,1
MADO,Didelphidae,Marmosops,dorothea,1
MANO,Didelphidae,Marmosops,noctivagus,1
MAPA,Didelphidae,Marmosops,parvidens,1
MASX,Didelphidae,Marmosops,spp.,0
MAFL,Sciuridae,Marmota,flaviventris,1
MAMO,Sciuridae,Marmota,monax,1
MAAM,Mustelidae,Martes,americana,1
MAPE,Mustelidae,Martes,pennanti,1
MACO,Muridae,Mastomys,coucha,1
MAER,Muridae,Mastomys,erythroleucus,1
MAHU,Muridae,Mastomys,huberti,1
MANA,Muridae,Mastomys,natalensis,1
MABA,Muridae,Maxomys,baeodon,1
MAIN,Muridae,Maxomys,inas,1
MARA,Muridae,Maxomys,rajah,1
MASU,Muridae,Maxomys,surifer,1
MAWH,Muridae,Maxomys,whiteheadi,1
MEBU,Muridae,Melomys,burtoni,1
MECE,Muridae,Melomys,cervinipes,1
MEBE,Sciuridae,Menetes,berdmorei,1
MEMA,Mephitidae,Mephitis,macroura,1
MEME,Mephitidae,Mephitis,mephitis,1
MECR,Muridae,Meriones,crassus,1
MELI,Muridae,Meriones,libycus,1
MRME,Muridae,Meriones,meridianus,1
MEGO,Muridae,Mesembriomys,gouldii,1
MEHI,Echimyidae,Mesomys,hispidus,1
MEST,Echimyidae,Mesomys,stimulax,1
MENU,Didelphidae,Metachirus,nudicaudatus,1
MINA,Muridae,Micaelamys,namaquensis,1
MICO,Didelphidae,Micoureus,constantiae,1
MIDE,Didelphidae,Micoureus,demerarae,1
MIRE,Didelphidae,Micoureus,regina,1
MDME,Heteromyidae,Microdipodops,megacephalus,1
MIPA,Heteromyidae,Microdipodops,pallidus,1
MIMI,Muridae,Micromys,minutus,1
MRMI,Cricetidae,Microryzomys,minutus,1
MIFL,Sciuridae,Microsciurus,flaviventer,1
MIAG,Cricetidae,Microtus,agrestis,1
MIAR,Cricetidae,Microtus,arvalis,1
MICA,Cricetidae,Microtus,californicus,1
MICH,Cricetidae,Microtus,chrotorrhinus,1
MILO,Cricetidae,Microtus,longicaudus,1
MIME,Cricetidae,Microtus,mexicanus,1
MIMO,Cricetidae,Microtus,montanus,1
MIOC,Cricetidae,Microtus,ochrogaster,1
MIOE,Cricetidae,Microtus,oeconomus,1
MIOR,Cricetidae,Microtus,oregoni,1
MIPE,Cricetidae,Microtus,pennsylvanicus,1
MIPI,Cricetidae,Microtus,pinetorum,1
MIRI,Cricetidae,Microtus,richardsoni,1
MISP,Cricetidae,Microtus,spp.,0
MISU,Cricetidae,Microtus,subterraneus,1
MITO,Cricetidae,Microtus,townsendii,1
MOAD,Didelphidae,Monodelphis,adusta,1
MOAM,Didelphidae,Monodelphis,americana,1
MOBR,Didelphidae,Monodelphis,brevicaudata,1
MODI,Didelphidae,Monodelphis,dimidiata,1
MOKU,Didelphidae,Monodelphis,kunsi,1
MOSP,Didelphidae,Monodelphis,spp.,0
MUBA,Muridae,Mus,baoulei,1
MUCE,Muridae,Mus,cervicolor,1
MUMA,Muridae,Mus,mattheyi,1
MUMI,Muridae,Mus,minutoides,1
MUMD,Muridae,Mus,musculoides,1
MUPA,Muridae,Mus,pahari,1
MUPL,Muridae,Mus,platythrix,1
MUSE,Muridae,Mus,setulosus,1
MUSP,Muridae,Mus,spp.,0
MUTR,Muridae,Mus,triton,1
MUMU,Muridae,Mus ,musculus,1
MUAV,Gliridae,Muscardinus,avellanarius,1
MUER,Mustelidae,Mustela,erminea,1
MUFR,Mustelidae,Mustela,frenata,1
MUNI,Mustelidae,Mustela,nivalis,1
MYCA,Cricetidae,Myodes,californicus,1
MYGA,Cricetidae,Myodes,gapperi,1
MYGL,Cricetidae,Myodes,glareolus,1
MYRU,Cricetidae,Myodes,rutilus,1
MYPR,Dasyproctidae,Myoprocta,pratti,1
MSCA,Soricidae,Myosorex,cafer,1
MYVA,Soricidae,Myosorex,varius,1
MYUN,Muridae,Myotomys,unisulcatus,1
MYTR,Myrmecophagidae,Myrmecophaga,tridactyla,1
NAIN,Dipodidae,Napaeozapus,insignis,1
NANA,Procyonidae,Nasua,nasua,1
NEDU,Cricetidae,Neacomys,dubosti,1
NEPA,Cricetidae,Neacomys,paracou,1
NESN,Cricetidae,Neacomys,sp. nov.,1
NESP,Cricetidae,Neacomys,spinosus,1
NELA,Cricetidae,Necromys,lasiurus,1
NEOB,Cricetidae,Necromys,obscurus,1
NEAP,Cricetidae,Nectomys,apicalis,1
NERA,Cricetidae,Nectomys,rattus,1
NESQ,Cricetidae,Nectomys,squamipes,1
NEAN,Soricidae,Neomys,anomalus,1
NEFO,Soricidae,Neomys,fodiens,1
NEAL,Cricetidae,Neotoma,albigula,1
NEAM,Cricetidae,Neotoma,albigula/micropus,2
NECI,Cricetidae,Neotoma,cinerea,1
NEDE,Cricetidae,Neotoma,devia,1
NEFL,Cricetidae,Neotoma,floridana,1
NEFU,Cricetidae,Neotoma,fuscipes,1
NELE,Cricetidae,Neotoma,lepida,1
NEMA,Cricetidae,Neotoma,macrotis,1
NEMG,Cricetidae,Neotoma,magister,1
NEME,Cricetidae,Neotoma,mexicana,1
NEMI,Cricetidae,Neotoma,micropus,1
NESX,Cricetidae,Neotoma,spp.,0
NEST,Cricetidae,Neotoma,stephensi,1
NEVI,Mustelidae,Neovison,vison,1
NEGI,Talpidae,Neurotrichus,gibbsii,1
NICO,Muridae,Niviventer,confucianus,1
NICR,Muridae,Niviventer,cremoriventer,1
NIFU,Muridae,Niviventer,fulvescens,1
NILA,Muridae,Niviventer,langbianis,1
NOCR,Soricidae,Notiosorex,crawfordi,1
NYCO,Lorisidae,Nycticebus,coucang,1
NYPY,Lorisidae,Nycticebus,pygmaeus,1
NYSU,Cricetidae,Nyctomys,sumichrasti,1
OCDA,Ochotonidae,Ochotona,dauurica,1
OCER,Ochotonidae,Ochotona,erythrotis,1
OCTH,Ochotonidae,Ochotona,thibetana,1
OCNU,Cricetidae,Ochrotomys,nuttalli,1
OCDE,Octodontidae,Octodon,degus,1
ODHE,Cervidae,Odocoileus,hemionus,1
ODVI,Cervidae,Odocoileus,virginianus,1
OEBI,Cricetidae,Oecomys,bicolor,1
OECA,Cricetidae,Oecomys,catherinae,1
OECO,Cricetidae,Oecomys,concolor,1
OEPA,Cricetidae,Oecomys,paricola,1
OERE,Cricetidae,Oecomys,rex,1
OERO,Cricetidae,Oecomys,roberti,1
OERU,Cricetidae,Oecomys,rutilus,1
OESP,Cricetidae,Oecomys,speciosus,1
OESU,Cricetidae,Oecomys,superans,1
OETR,Cricetidae,Oecomys,trinitatis,1
OEHY,Muridae,Oenomys,hypoxanthus,1
OLEL,Cricetidae,Oligoryzomys,eliurus,1
OLFL,Cricetidae,Oligoryzomys,flavescens,1
OLFO,Cricetidae,Oligoryzomys,fornesi,1
OLFU,Cricetidae,Oligoryzomys,fulvescens,1
OLLO,Cricetidae,Oligoryzomys,longicaudatus,1
OLMI,Cricetidae,Oligoryzomys,microtis,1
OLNI,Cricetidae,Oligoryzomys,nigripes,1
OLSP,Cricetidae,Oligoryzomys,spp.,0
ONZI,Cricetidae,Ondatra,zibethicus,1
ONAR,Cricetidae,Onychomys,arenicola,1
ONLE,Cricetidae,Onychomys,leucogaster,1
ONSP,Cricetidae,Onychomys,spp.,0
ONTO,Cricetidae,Onychomys,torridus,1
ORCU,Leporidae,Oryctolagus,cuniculus,1
ORGA,Bovidae,Oryx,gazella,1
ORCH,Cricetidae,Oryzomys,chapmani,1
ORCO,Cricetidae,Oryzomys,couesi,1
OREM,Cricetidae,Oryzomys,emmonsae,1
ORMA,Cricetidae,Oryzomys,macconnelli,1
ORMC,Cricetidae,Oryzomys,megacephalus,1
ORMY,Cricetidae,Oryzomys,megacephalus/yunganus,2
ORME,Cricetidae,Oryzomys,melanotis,1
ORNI,Cricetidae,Oryzomys,nitidus,1
ORNM,Cricetidae,Oryzomys,nitidus/macconnelli,2
ORPA,Cricetidae,Oryzomys,palustris,1
ORPE,Cricetidae,Oryzomys,perenensis,1
ORRO,Cricetidae,Oryzomys,rostratus,1
ORSP,Cricetidae,Oryzomys,spp.,0
ORSU,Cricetidae,Oryzomys,subflavus,1
ORYU,Cricetidae,Oryzomys,yunganus,1
OSBA,Cricetidae,Osgoodomys,banderanus,1
OTAN,Muridae,Otomys,angoniensis,1
OTIR,Muridae,Otomys,irroratus,1
OVCA,Bovidae,Ovis,canadensis,1
OXAM,Cricetidae,Oxymycterus,amazonicus,1
OXHI,Cricetidae,Oxymycterus,hispidus,1
OXRO,Cricetidae,Oxymycterus,roberti,1
PAON,Felidae,Panthera,onca,1
PASC,Soricidae,Paracrocidura,schoutedeni,1
PAHE,Viverridae,Paradoxurus,hermaphroditus,1
PABR,Talpidae,Parascalops,breweri,1
PAOC,Sciuridae,Paraxerus,ochraceus,1
PETA,Tayassuidae,Pecari,tajacu,1
PLFA,Muridae,Pelomys,fallax,1
PMNA,Peramelidae,Perameles,nasuta,1
PEAM,Heteromyidae,Perognathus,amplus,1
PEFA,Heteromyidae,Perognathus,fasciatus,1
PEFS,Heteromyidae,Perognathus,flavescens,1
PEFL,Heteromyidae,Perognathus,flavus,1
PELO,Heteromyidae,Perognathus,longimembris,1
PEPA,Heteromyidae,Perognathus,parvus,1
PEAZ,Cricetidae,Peromyscus,aztecus,1
PEBO,Cricetidae,Peromyscus,boylii,1
PECA,Cricetidae,Peromyscus,californicus,1
PECR,Cricetidae,Peromyscus,crinitus,1
PEER,Cricetidae,Peromyscus,eremicus,1
PEGO,Cricetidae,Peromyscus,gossypinus,1
PEKE,Cricetidae,Peromyscus,keeni,1
PELE,Cricetidae,Peromyscus,leucopus,1
PELM,Cricetidae,Peromyscus,leucopus/maniculatus,2
PELV,Cricetidae,Peromyscus,levipes,1
PEMA,Cricetidae,Peromyscus,maniculatus,1
PEME,Cricetidae,Peromyscus,merriami,1
PENA,Cricetidae,Peromyscus,nasutus,1
PEOC,Cricetidae,Peromyscus,ochraventer,1
PEPE,Cricetidae,Peromyscus,pectoralis,1
PEPF,Cricetidae,Peromyscus,perfulvus,1
PEPO,Cricetidae,Peromyscus,polionotus,1
PESX,Cricetidae,Peromyscus,spp.,0
PETR,Cricetidae,Peromyscus,truei,1
PEVO,Sciuridae,Petinomys,vordermanni,1
PHTA,Dasyuridae,Phascogale,tapoatafa,1
PHIN,Cricetidae,Phenacomys,intermedius,1
PHAN,Didelphidae,Philander,andersoni,1
PHOP,Didelphidae,Philander,opossum,1
PHRO,Cricetidae,Phodopus,roborovskii,1
PHME,Echimyidae,Phyllomys,medius,1
PHDA,Cricetidae,Phyllotis,darwini,1
PHXA,Cricetidae,Phyllotis,xanthopygus,1
POFL,Cricetidae,Podomys,floridanus,1
PRDA,Muridae,Praomys,daltoni,1
PRJA,Muridae,Praomys,jacksoni,1
PRMI,Muridae,Praomys,misonnei,1
PRRS,Muridae,Praomys,rostratus,1
PRSP,Muridae,Praomys,spp.,0
PRTU,Muridae,Praomys,tullbergi,1
PRCA,Procyonidae,Procyon,cancrivorus,1
PRLO,Procyonidae,Procyon,lotor,1
PRBR,Echimyidae,Proechimys,brevicauda,1
PRBS,Echimyidae,Proechimys,brevicauda/simonsi,2
PRCU,Echimyidae,Proechimys,cuvieri,1
PRGO,Echimyidae,Proechimys,goeldii,1
PRGU,Echimyidae,Proechimys,guairae,1
PRGY,Echimyidae,Proechimys,guyannensis,1
PRQU,Echimyidae,Proechimys,quadruplicatus,1
PRRO,Echimyidae,Proechimys,roberti,1
PRSE,Echimyidae,Proechimys,semispinosus,1
PRSI,Echimyidae,Proechimys,simonsi,1
PRSX,Echimyidae,Proechimys,spp.,0
PSDE,Muridae,Pseudomys,delicatulus,1
PTLO,Ptilocercidae,Ptilocercus,lowii,1
PUCO,Felidae,Puma,concolor,1
PUYA,Felidae,Puma,yagouaroundi,1
PYPU,Dipodidae,Pygeretmus,pumilio,1
RATA,Cervidae,Rangifer,tarandus,1
RAAN,Muridae,Rattus,andamanensis,1
RACO,Muridae,Rattus,colletti,1
RAEX,Muridae,Rattus,exulans,1
RAFU,Muridae,Rattus,fuscipes,1
RALE,Muridae,Rattus,leucopus,1
RALU,Muridae,Rattus,lutreolus,1
RANO,Muridae,Rattus,norvegicus,1
RARA,Muridae,Rattus,rattus,1
RASP,Muridae,Rattus,spp.,0
RATZ,Muridae,Rattus,tanezumi,1
RATI,Muridae,Rattus,tiomanicus,1
RATU,Muridae,Rattus,tunneyi,1
REFU,Cricetidae,Reithrodontomys,fulvescens,1
REHU,Cricetidae,Reithrodontomys,humulis,1
REME,Cricetidae,Reithrodontomys,megalotis,1
REMC,Cricetidae,Reithrodontomys,mexicanus,1
REMO,Cricetidae,Reithrodontomys,montanus,1
RESX,Cricetidae,Reithrodontomys,spp.,0
RESU,Cricetidae,Reithrodontomys,sumichrasti,1
RHDI,Muridae,Rhabdomys,dilectus,1
RHPU,Muridae,Rhabdomys,pumilio,1
RHLA,Sciuridae,Rhinosciurus,laticaudatus,1
RHCO,Cricetidae,Rhipidomys,couesi,1
RHLE,Cricetidae,Rhipidomys,leucodactylus,1
RHMA,Cricetidae,Rhipidomys,mastacalis,1
RHNI,Cricetidae,Rhipidomys,nitela,1
RHSX,Cricetidae,Rhipidomys,spp.,0
RHOP,Muridae,Rhombomys,opimus,1
SACA,Nesomyidae,Saccostomus,campestris,1
SACR,Dipodidae,Salpingotus,crassicauda,1
SAKO,Dipodidae,Salpingotus,kozlovi,1
SCAQ,Talpidae,Scalopus,aquaticus,1
SCLA,Talpidae,Scapanus,latimanus,1
SCOR,Talpidae,Scapanus,orarius,1
SCAE,Sciuridae,Sciurus,aestuans,1
SCCA,Sciuridae,Sciurus,carolinensis,1
SCCO,Sciuridae,Sciurus,colliaei,1
SCGT,Sciuridae,Sciurus,granatensis,1
SCGR,Sciuridae,Sciurus,griseus,1
SCIG,Sciuridae,Sciurus,igniventris,1
SCNI,Sciuridae,Sciurus,niger,1
SCSP,Sciuridae,Sciurus,spadiceus,1
SCME,Cricetidae,Scolomys,melanops,1
SIAL,Cricetidae,Sigmodon,alleni,1
SIAT,Cricetidae,Sigmodon,alstoni,1
SIAR,Cricetidae,Sigmodon,arizonae,1
SIFU,Cricetidae,Sigmodon,fulviventer,1
SIHI,Cricetidae,Sigmodon,hispidus,1
SIMA,Cricetidae,Sigmodon,mascotensis,1
SIOC,Cricetidae,Sigmodon,ochrognathus,1
SISP,Cricetidae,Sigmodon,spp.,0
SMLE,Dasyuridae,Sminthopsis,leucopus,1
SOAL,Soricidae,Sorex,alpinus,1
SOAR,Soricidae,Sorex,araneus,1
SOAC,Soricidae,Sorex,arcticus,1
SOAZ,Soricidae,Sorex,arizonae,1
SOBA,Soricidae,Sorex,bairdi,1
SOBE,Soricidae,Sorex,bendirii,1
SOCI,Soricidae,Sorex,cinereus,1
SODI,Soricidae,Sorex,dispar,1
SOFU,Soricidae,Sorex,fumeus,1
SOHO,Soricidae,Sorex,hoyi,1
SOLO,Soricidae,Sorex,longirostris,1
SOMI,Soricidae,Sorex,minutus,1
SOMO,Soricidae,Sorex,monticolus,1
SONA,Soricidae,Sorex,nanus,1
SOOR,Soricidae,Sorex,ornatus,1
SOPC,Soricidae,Sorex,pacificus,1
SOPA,Soricidae,Sorex,palustris,1
SOPR,Soricidae,Sorex,preblei,1
SOSA,Soricidae,Sorex,saussurei,1
SOSO,Soricidae,Sorex,sonomae,1
SOSX,Soricidae,Sorex,spp.,0
SOTR,Soricidae,Sorex,trowbridgii,1
SOVA,Soricidae,Sorex,vagrans,1
SDSX,Soricidae,Soricidae,spp.,0
SPAR,Sciuridae,Spermophilus,armatus,1
SPBE,Sciuridae,Spermophilus,beecheyi,1
SPBD,Sciuridae,Spermophilus,beldingi,1
SPDA,Sciuridae,Spermophilus,dauricus,1
SPFR,Sciuridae,Spermophilus,franklinii,1
SPLA,Sciuridae,Spermophilus,lateralis,1
SPME,Sciuridae,Spermophilus,mexicanus,1
SPRI,Sciuridae,Spermophilus,richardsonii,1
SPSP,Sciuridae,Spermophilus,spilosoma,1
SPTE,Sciuridae,Spermophilus,tereticaudus,1
SPTO,Sciuridae,Spermophilus,townsendii,1
SPTR,Sciuridae,Spermophilus,tridecemlineatus,1
SPVA,Sciuridae,Spermophilus,variegatus,1
SPGR,Mephitidae,Spilogale,gracilis,1
SPPY,Mephitidae,Spilogale,pygmaea,1
STCA,Nesomyidae,Steatomys,caurinus,1
STPR,Nesomyidae,Steatomys,pratensis,1
STLO,Muridae,Stochomys ,longicaudatus,1
STSP,Muridae,Stochomys ,spp.,0
STAN,Dipodidae,Stylodipus,andrewsi,1
SUET,Soricidae,Suncus,etruscus,1
SUIN,Soricidae,Suncus,infinitesimus,1
SULI,Soricidae,Suncus,lixus,1
SUME,Soricidae,Suncus,megalura,1
SURE,Soricidae,Suncus,remyi,1
SUMU,Muridae,Sundamys,muelleri,1
SUBR,Sciuridae,Sundasciurus,brookei,1
SUHI,Sciuridae,Sundasciurus,hippurus,1
SULO,Sciuridae,Sundasciurus,lowii,1
SUTE,Sciuridae,Sundasciurus,tenuis,1
SYAU,Leporidae,Sylvilagus,audubonii,1
SYBA,Leporidae,Sylvilagus,bachmani,1
SYBR,Leporidae,Sylvilagus,brasiliensis,1
SYCU,Leporidae,Sylvilagus,cunicularius,1
SYFL,Leporidae,Sylvilagus,floridanus,1
SYNU,Leporidae,Sylvilagus,nuttallii,1
SYPA,Leporidae,Sylvilagus,palustris,1
SYTR,Leporidae,Sylvilagus,transitionalis,1
SYC.,Soricidae,Sylvisorex,c.f. konganensis,1
SYJO,Soricidae,Sylvisorex,johnstoni,1
SYKO,Soricidae,Sylvisorex,konganensis,1
SYOL,Soricidae,Sylvisorex,ollula,1
SYBO,Cricetidae,Synaptomys,borealis,1
SYCO,Cricetidae,Synaptomys,cooperi,1
TAEU,Talpidae,Talpa,europaea,1
TAAM,Sciuridae,Tamias,amoenus,1
TADR,Sciuridae,Tamias,dorsalis,1
TAME,Sciuridae,Tamias,merriami,1
TAMI,Sciuridae,Tamias,minimus,1
TAPA,Sciuridae,Tamias,panamintinus,1
TAQU,Sciuridae,Tamias,quadrimaculatus,1
TAQA,Sciuridae,Tamias,quadrivittatus,1
TASE,Sciuridae,Tamias,senex,1
TASB,Sciuridae,Tamias,sibiricus,1
TASI,Sciuridae,Tamias,siskiyou,1
TAKT,Sciuridae,Tamias,siskiyou/townsendii,2
TASP,Sciuridae,Tamias,speciosus,1
TASX,Sciuridae,Tamias,spp.,0
TAST,Sciuridae,Tamias,striatus,1
TATO,Sciuridae,Tamias,townsendii,1
TAUM,Sciuridae,Tamias,umbrinus,1
TADO,Sciuridae,Tamiasciurus,douglasii,1
TAHU,Sciuridae,Tamiasciurus,hudsonicus,1
TAAR,Muridae,Taterillus,arenarius,1
TAGR,Muridae,Taterillus,gracilis,1
TATA,Mustelidae,Taxidea,taxus,1
TYSX,Tayassuidae,Tayassuidae,spp.,0
THCE,Cricetidae,Thalpomys,cerradensis,1
THLA,Cricetidae,Thalpomys,lasiotis,1
THNI,Cricetidae,Thaptomys,nigrita,1
THBO,Geomyidae,Thomomys,bottae,1
THMO,Geomyidae,Thomomys,monticola,1
THSX,Geomyidae,Thomomys,spp.,0
THTA,Geomyidae,Thomomys,talpoides,1
THUM,Geomyidae,Thomomys,umbrinus,1
THAP,Echimyidae,Thrichomys,apereoides,1
THEL,Didelphidae,Thylamys,elegans,1
THVE,Didelphidae,Thylamys,velutinus,1
TLCA,Didelphidae,Tlacuatzin,canescens,1
TRVU,Phalangeridae,Trichosurus,vulpecula,1
TRFA,Hystricidae,Trichys,fasciculata,1
TUBE,Tupaiidae,Tupaia,belangeri,1
TUGL,Tupaiidae,Tupaia,glis,1
TUGR,Tupaiidae,Tupaia,gracilis,1
TULO,Tupaiidae,Tupaia,longipes,1
TUMI,Tupaiidae,Tupaia,minor,1
TUSP,Tupaiidae,Tupaia,splendidula,1
TUTA,Tupaiidae,Tupaia,tana,1
URRU,Muridae,Uranomys,ruddi,1
URCI,Canidae,Urocyon,cinereoargenteus,1
URCA,Muridae,Uromys,caudimaculatus,1
URAM,Ursidae,Ursus,americanus,1
URAR,Ursidae,Ursus,arctos,1
URSX,Ursidae,Ursus ,spp.,0
VUMA,Canidae,Vulpes,macrotis,1
VUVE,Canidae,Vulpes,velox,1
VUVU,Canidae,Vulpes,vulpes,1
XENE,Cricetidae,Xenomys,nelsoni,1
XEER,Sciuridae,Xerus,erythropus,1
ZAHU,Dipodidae,Zapus,hudsonius,1
ZAPR,Dipodidae,Zapus,princeps,1
ZATR,Dipodidae,Zapus,trinotatus,1
ZYBR,Cricetidae,Zygodontomys,brevicauda,1
